[{"@type":"mappingTemplate","id":"@1","name":"m_SetVariable_Without_NewLine","description":"","bundleVersion":"0","templateId":"@3","deployTime":1582316828000,"hasParameters":false,"valid":true,"fixedConnection":true,"hasParametersDeployed":false,"fixedConnectionDeployed":true,"tasks":1,"mappingPreviewFileRecordId":"@2","documentType":"","references":[{"@type":"reference","refObjectId":"@jV6A4j3eZAmcYAFZKfwAUs","refType":"connection"},{"@type":"reference","refObjectId":"@2HdLX7P6yMMhX1vEIdJTIj","refType":"hschema"}]}]