[{"@type":"fileRecord","id":"@2","name":"extension","type":"XML","size":27121,"attachTime":1584985840000},{"@type":"fileRecord","id":"@6","name":"response","type":"XSD","size":11386,"attachTime":1584985840000},{"@type":"fileRecord","id":"@3","name":"fault","type":"XSD","size":6445,"attachTime":1584985840000},{"@type":"fileRecord","id":"@4","name":"metadata","type":"JSON","size":8375,"attachTime":1584985840000},{"@type":"fileRecord","id":"@5","name":"request","type":"XSD","size":6378,"attachTime":1584985840000}]