[{"@type":"mappingTemplate","id":"@1","name":"m_SetVariable_With_NewLine","description":"","bundleVersion":"0","templateId":"@3","deployTime":1582827913000,"hasParameters":true,"valid":true,"fixedConnection":true,"hasParametersDeployed":true,"fixedConnectionDeployed":true,"tasks":0,"mappingPreviewFileRecordId":"@2","documentType":"","references":[{"@type":"reference","refObjectId":"@jV6A4j3eZAmcYAFZKfwAUs","refType":"connection"},{"@type":"reference","refObjectId":"@2HdLX7P6yMMhX1vEIdJTIj","refType":"hschema"}]}]