[{"@type":"mappingTemplate","id":"@1","name":"m_REST_IICS","description":"","bundleVersion":"0","templateId":"@3","deployTime":1584986912000,"hasParameters":false,"valid":true,"fixedConnection":true,"hasParametersDeployed":false,"fixedConnectionDeployed":true,"tasks":0,"mappingPreviewFileRecordId":"@2","documentType":"","references":[{"@type":"reference","refObjectId":"@8vwB3ECasNSkJXUfiasxYx","refType":"connection"},{"@type":"reference","refObjectId":"@1nGcb7YV6qUdyLFsPSLz08","refType":"businessService"}]}]